"Timestamp","Participant number:","How do the solid particles formed from DMS help in cloud formation?","According to Lovelock, how does Earth function in response to climate changes?","What happens to algal activity and DMS levels when the climate warms, according to the hypothesis?","How do more clouds formed by increased DMS output affect the planet?","What cycle does Lovelock describe involving algae and climate?","Why might cooling benefit algae, according to Lovelock?","What additional benefit might algae receive from the clouds they help form?"," I am good at watching this multimodal learning material.","How much mental and perceptual activity was required while watching the multimodal learning material (e.g., thinking, remembering)?","How frustrated, irritated, stressed, or annoyed did you feel while watching the multimodal learning material?","Watching this multimodal learning material was pleasurable to me.","How much time pressure did you feel while watching the multimodal learning material?","How much effort did you have to put in mentally and physically to understand the multimodal learning material?"," I lost track of what was going on outside of watching this multimodal learning material.","How much physical effort was required while engaging with the multimodal learning material (e.g., adjusting posture, maintaining focus)?","How difficult did you find the content of the multimodal learning material?","How familiar were you with the content of the multimodal learning material before engaging with it?","I have a good understanding of the multimodal learning material"
"2024/08/04 1:02:34 PM GMT+8","P3","- B) They provide a surface for water vapor to condense on","- B) As a super organism","- C) They increase","- B) They cool the planet","- C) Warmer conditions increase algal activity, which then cools the planet","- B) It allows nutrient-rich water to circulate upwards","- B) Nitrogen raining down from the clouds","3","5","6","3","2","5","5","2","7","1","4"
"2024/08/04 8:44:41 PM GMT+8","P1","- C) They release water vapor into the atmosphere","- B) As a super organism","- C) They increase","- B) They cool the planet","- C) Warmer conditions increase algal activity, which then cools the planet","- B) It allows nutrient-rich water to circulate upwards","- B) Nitrogen raining down from the clouds","5","5","2","4","5","6","5","2","2","2","7"
"2024/08/05 7:19:51 AM GMT+8","P2","- B) They provide a surface for water vapor to condense on","- B) As a super organism","- C) They increase","- B) They cool the planet","- C) Warmer conditions increase algal activity, which then cools the planet","- B) It allows nutrient-rich water to circulate upwards","- B) Nitrogen raining down from the clouds","5","4","3","5","3","3","6","2","3","1","5"
"2024/08/05 11:59:16 AM GMT+8","16","- B) They provide a surface for water vapor to condense on","- B) As a super organism","- C) They increase","- B) They cool the planet","- C) Warmer conditions increase algal activity, which then cools the planet","- B) It allows nutrient-rich water to circulate upwards","- B) Nitrogen raining down from the clouds","5","4","3","3","3","3","2","2","3","1","5"
"2024/08/06 4:18:28 PM GMT+8","P7","- B) They provide a surface for water vapor to condense on","- B) As a super organism","- C) They increase","- B) They cool the planet","- C) Warmer conditions increase algal activity, which then cools the planet","- B) It allows nutrient-rich water to circulate upwards","- B) Nitrogen raining down from the clouds","4","6","4","5","2","5","2","4","3","5","4"
"2024/08/06 8:12:04 PM GMT+8","11","- B) They provide a surface for water vapor to condense on","- B) As a super organism","- C) They increase","- B) They cool the planet","- C) Warmer conditions increase algal activity, which then cools the planet","- B) It allows nutrient-rich water to circulate upwards","- B) Nitrogen raining down from the clouds","3","5","5","1","4","5","5","4","6","1","3"
"2024/08/06 9:15:48 PM GMT+8","8","- B) They provide a surface for water vapor to condense on","- B) As a super organism","- C) They increase","- B) They cool the planet","- C) Warmer conditions increase algal activity, which then cools the planet","- B) It allows nutrient-rich water to circulate upwards","- B) Nitrogen raining down from the clouds","6","6","3","5","6","6","5","6","4","1","6"
"2024/08/07 12:38:26 AM GMT+8","P10","- B) They provide a surface for water vapor to condense on","- B) As a super organism","- C) They increase","- B) They cool the planet","- C) Warmer conditions increase algal activity, which then cools the planet","- B) It allows nutrient-rich water to circulate upwards","- B) Nitrogen raining down from the clouds","6","3","1","6","1","2","4","2","2","5","5"
"2024/08/07 2:10:38 AM GMT+8","P4","- B) They provide a surface for water vapor to condense on","- B) As a super organism","- A) They decrease","- B) They cool the planet","- B) Cooling leads to more algal activity and DMS production","- B) It allows nutrient-rich water to circulate upwards","- B) Nitrogen raining down from the clouds","6","5","1","6","3","4","2","5","4","1","6"
"2024/08/07 3:43:09 PM GMT+8","P5","- B) They provide a surface for water vapor to condense on","- B) As a super organism","- A) They decrease","- B) They cool the planet","- D) Warmer conditions decrease DMS output, warming the planet further","- C) It reduces the competition from other marine organisms","- B) Nitrogen raining down from the clouds","5","2","1","5","2","1","2","1","2","1","5"
"2024/08/07 8:30:13 PM GMT+8","P12","- B) They provide a surface for water vapor to condense on","- B) As a super organism","- C) They increase","- B) They cool the planet","- B) Cooling leads to more algal activity and DMS production","- B) It allows nutrient-rich water to circulate upwards","- B) Nitrogen raining down from the clouds","5","6","3","6","4","6","5","3","3","1","5"
"2024/08/07 9:40:30 PM GMT+8","P9","- B) They provide a surface for water vapor to condense on","- B) As a super organism","- C) They increase","- B) They cool the planet","- C) Warmer conditions increase algal activity, which then cools the planet","- B) It allows nutrient-rich water to circulate upwards","- B) Nitrogen raining down from the clouds","4","1","1","1","1","1","1","1","1","1","6"
"2024/08/07 10:43:09 PM GMT+8","P15","- B) They provide a surface for water vapor to condense on","- B) As a super organism","- A) They decrease","- B) They cool the planet","- C) Warmer conditions increase algal activity, which then cools the planet","- B) It allows nutrient-rich water to circulate upwards","- B) Nitrogen raining down from the clouds","3","3","2","5","3","5","5","5","3","3","5"
"2024/08/07 11:09:42 PM GMT+8","P6","- A) They absorb water vapor","- B) As a super organism","- A) They decrease","- A) They warm the planet","- B) Cooling leads to more algal activity and DMS production","- C) It reduces the competition from other marine organisms","- A) More oxygen in the water","3","5","5","4","4","5","4","3","5","3","3"
"2024/08/13 9:36:20 AM GMT+8","13","- C) They release water vapor into the atmosphere","- C) As an isolated environment","- C) They increase","- A) They warm the planet","- D) Warmer conditions decrease DMS output, warming the planet further","- B) It allows nutrient-rich water to circulate upwards","- A) More oxygen in the water","2","5","5","2","6","5","5","5","6","1","3"
"2024/08/14 4:10:17 PM GMT+8","P14","- B) They provide a surface for water vapor to condense on","- B) As a super organism","- A) They decrease","- A) They warm the planet","- B) Cooling leads to more algal activity and DMS production","- C) It reduces the competition from other marine organisms","- C) Less competition from other species","2","3","5","2","4","4","3","5","4","2","2"