Timestamp,Participant number:,"Where does the modern definition of ""cool"" most directly come from, according to the text?","What attitude did slaves and prisoners adopt that is associated with the concept of ""cool""?","In what decade did the word ""cool"" begin to stick to this attitude?","In what cultural settings did the term ""cool"" become popularized?","What other slang word did Lester Young popularize, according to the text?","Why was the word ""cool"" associated with nightclubs, according to the text?","What does the phrase ""the sun has come out"" imply in the context of the narrative?", I am good at watching this multimodal learning material.,"How much mental and perceptual activity was required while watching the multimodal learning material (e.g., thinking, remembering)?","How frustrated, irritated, stressed, or annoyed did you feel while watching the multimodal learning material?",Watching this multimodal learning material was pleasurable to me.,How much time pressure did you feel while watching the multimodal learning material?,How much effort did you have to put in mentally and physically to understand the multimodal learning material?, I lost track of what was going on outside of watching this multimodal learning material.,"How much physical effort was required while engaging with the multimodal learning material (e.g., adjusting posture, maintaining focus)?",How difficult did you find the content of the multimodal learning material?,How familiar were you with the content of the multimodal learning material before engaging with it?,I have a good understanding of the multimodal learning material
2024/08/04 11:33:06 AM GMT+8,P3,(B) Slaves and prisoners,(B) Ironical detachment,(A) 1920s,"(B) Jazz, beatnik, and bohemian nightclubs","(B) ""Bread"" to mean money",(B) Due to the cool night air let in to refresh the smoke-filled atmosphere,(D) A signal that the night has ended,4,4,2,3,1,4,2,2,2,4,6
2024/08/04 9:14:33 PM GMT+8,P1,(B) Slaves and prisoners,(B) Ironical detachment,(B) 1930s,"(B) Jazz, beatnik, and bohemian nightclubs","(B) ""Bread"" to mean money",(B) Due to the cool night air let in to refresh the smoke-filled atmosphere,(D) A signal that the night has ended,3,6,5,4,5,5,2,2,4,1,4
2024/08/05 11:20:42 AM GMT+8,16,(B) Slaves and prisoners,(B) Ironical detachment,(B) 1930s,"(B) Jazz, beatnik, and bohemian nightclubs","(B) ""Bread"" to mean money",(B) Due to the cool night air let in to refresh the smoke-filled atmosphere,(A) A metaphor for a change in the conversation topic,3,5,4,4,3,5,3,3,5,1,3
2024/08/05 11:24:58 AM GMT+8,P2,(B) Slaves and prisoners,(B) Ironical detachment,(C) 1940s,"(B) Jazz, beatnik, and bohemian nightclubs","(B) ""Bread"" to mean money",(B) Due to the cool night air let in to refresh the smoke-filled atmosphere,(A) A metaphor for a change in the conversation topic,6,2,1,7,2,2,6,1,3,1,6
2024/08/06 4:31:45 PM GMT+8,P7,(A) Rock and roll musicians,(B) Ironical detachment,(C) 1940s,"(B) Jazz, beatnik, and bohemian nightclubs","(B) ""Bread"" to mean money",(B) Due to the cool night air let in to refresh the smoke-filled atmosphere,(C) An expression of relief from the smoke-filled nightclubs,6,2,2,2,2,2,2,2,2,2,5
2024/08/06 7:25:58 PM GMT+8,11,(B) Slaves and prisoners,(B) Ironical detachment,(C) 1940s,"(B) Jazz, beatnik, and bohemian nightclubs","(B) ""Bread"" to mean money",(B) Due to the cool night air let in to refresh the smoke-filled atmosphere,(D) A signal that the night has ended,5,3,2,3,2,2,4,3,2,2,6
2024/08/06 8:46:17 PM GMT+8,8,(B) Slaves and prisoners,(B) Ironical detachment,(C) 1940s,"(B) Jazz, beatnik, and bohemian nightclubs","(B) ""Bread"" to mean money",(B) Due to the cool night air let in to refresh the smoke-filled atmosphere,(A) A metaphor for a change in the conversation topic,5,7,5,2,5,7,5,6,5,3,5
2024/08/07 12:15:46 AM GMT+8,P10,(B) Slaves and prisoners,(B) Ironical detachment,(C) 1940s,"(B) Jazz, beatnik, and bohemian nightclubs","(B) ""Bread"" to mean money",(B) Due to the cool night air let in to refresh the smoke-filled atmosphere,(B) A literal observation about the weather,4,5,1,4,1,3,3,2,2,1,5
2024/08/07 2:01:35 AM GMT+8,P4,(B) Slaves and prisoners,(B) Ironical detachment,(A) 1920s,"(B) Jazz, beatnik, and bohemian nightclubs","(B) ""Bread"" to mean money",(B) Due to the cool night air let in to refresh the smoke-filled atmosphere,(C) An expression of relief from the smoke-filled nightclubs,4,5,4,4,4,5,4,5,4,5,5
2024/08/07 3:03:35 PM GMT+8,P5,(B) Slaves and prisoners,(B) Ironical detachment,(D) 1950s,"(B) Jazz, beatnik, and bohemian nightclubs","(B) ""Bread"" to mean money",(B) Due to the cool night air let in to refresh the smoke-filled atmosphere,(C) An expression of relief from the smoke-filled nightclubs,3,2,1,6,1,1,1,1,2,1,5
2024/08/07 8:11:43 PM GMT+8,P12,(B) Slaves and prisoners,(B) Ironical detachment,(A) 1920s,"(B) Jazz, beatnik, and bohemian nightclubs","(B) ""Bread"" to mean money",(B) Due to the cool night air let in to refresh the smoke-filled atmosphere,(A) A metaphor for a change in the conversation topic,2,4,5,3,5,6,5,4,4,2,4
2024/08/07 9:45:45 PM GMT+8,P9,(B) Slaves and prisoners,(B) Ironical detachment,(C) 1940s,"(B) Jazz, beatnik, and bohemian nightclubs","(B) ""Bread"" to mean money",(B) Due to the cool night air let in to refresh the smoke-filled atmosphere,(C) An expression of relief from the smoke-filled nightclubs,6,3,1,1,1,1,5,1,3,1,4
2024/08/07 10:05:47 PM GMT+8,P6,(D) Ancient philosophers,(B) Ironical detachment,(C) 1940s,"(B) Jazz, beatnik, and bohemian nightclubs","(A) ""Jazz"" to mean fun",(B) Due to the cool night air let in to refresh the smoke-filled atmosphere,(D) A signal that the night has ended,3,6,4,3,5,5,6,5,6,2,3
2024/08/07 10:36:35 PM GMT+8,P15,(B) Slaves and prisoners,(B) Ironical detachment,(D) 1950s,"(B) Jazz, beatnik, and bohemian nightclubs","(B) ""Bread"" to mean money",(B) Due to the cool night air let in to refresh the smoke-filled atmosphere,(A) A metaphor for a change in the conversation topic,5,4,3,6,3,4,2,3,2,2,5
